company,label_standardized,category_display,complaint_count,timely_rate,late_response_count,high_risk_count,avg_narrative_word_count
"ACIMA CREDIT, LLC",debt_collection,Debt Collection,1,1.0,0,0,188.0
"ACIMA CREDIT, LLC",payday_loan_title_loan_or_personal_loan,Payday / Personal Loan,1,1.0,0,0,179.0
AES/PHEAA,credit_reporting,Credit Reporting,3,1.0,0,2,270.3333333333333
AES/PHEAA,student_loan,Student Loan,14,1.0,0,7,372.57142857142856
ALLY FINANCIAL INC.,bank_account,Bank Account,2,1.0,0,0,226.5
ALLY FINANCIAL INC.,money_transfer,Money Transfer,1,1.0,0,0,193.0
ALLY FINANCIAL INC.,vehicle_loan_or_lease,Vehicle Loan / Lease,3,1.0,0,2,240.0
AMERICAN EXPRESS COMPANY,credit_card_or_prepaid_card,Credit Card / Prepaid Card,3,1.0,0,0,171.33333333333334
AMERICAN EXPRESS COMPANY,debt_collection,Debt Collection,1,1.0,0,0,37.0
AMERICAN HONDA FINANCE CORP,credit_reporting,Credit Reporting,3,1.0,0,0,217.66666666666666
AMERISAVE MORTGAGE CORPORATION,mortgage,Mortgage,1,1.0,0,1,759.0
AVANTE,debt_collection,Debt Collection,1,1.0,0,0,43.0
"Ability Recovery Services, LLC",debt_collection,Debt Collection,1,1.0,0,0,290.0
Ad Astra Recovery Services Inc,credit_reporting,Credit Reporting,1,1.0,0,0,62.0
"Advance America, Cash Advance Centers, Inc.",debt_collection,Debt Collection,1,1.0,0,1,358.0
"Advanced Collection Bureau, Inc.",debt_collection,Debt Collection,1,1.0,0,0,151.0
Alliance Data Card Services,credit_card_or_prepaid_card,Credit Card / Prepaid Card,8,1.0,0,4,280.875
Alliance Data Card Services,credit_reporting,Credit Reporting,2,1.0,0,0,90.5
Alliance Data Card Services,debt_collection,Debt Collection,1,1.0,0,0,129.0
"American Credit Acceptance, LLC",credit_reporting,Credit Reporting,1,1.0,0,0,106.0
"American Financial Resources, Inc.",mortgage,Mortgage,1,1.0,0,1,329.0
"American Profit Recovery, Inc., Marlborough, MA Branch",debt_collection,Debt Collection,1,1.0,0,0,143.0
"Amsher Collection Services, Inc.",credit_reporting,Credit Reporting,1,1.0,0,0,202.0
"Amsher Collection Services, Inc.",debt_collection,Debt Collection,1,1.0,0,1,830.0
"Applied Data Finance, LLC",debt_collection,Debt Collection,1,1.0,0,0,193.0
"Associated Credit Services, Inc.",debt_collection,Debt Collection,1,1.0,0,1,335.0
"Auto Advantage Finance, LLC",vehicle_loan_or_lease,Vehicle Loan / Lease,1,1.0,0,0,144.0
Avant Credit Corporation,credit_reporting,Credit Reporting,1,1.0,0,1,370.0
"Avid Acceptance, LLC",vehicle_loan_or_lease,Vehicle Loan / Lease,1,1.0,0,0,268.0
"BALANCED HEALTHCARE RECEIVABLES, LLC",debt_collection,Debt Collection,1,1.0,0,0,47.0
"BANK OF AMERICA, NATIONAL ASSOCIATION",bank_account,Bank Account,8,1.0,0,2,248.125
"BANK OF AMERICA, NATIONAL ASSOCIATION",credit_card_or_prepaid_card,Credit Card / Prepaid Card,7,1.0,0,2,286.14285714285717
"BANK OF AMERICA, NATIONAL ASSOCIATION",credit_reporting,Credit Reporting,2,1.0,0,1,302.5
"BANK OF AMERICA, NATIONAL ASSOCIATION",debt_collection,Debt Collection,2,1.0,0,0,102.0
"BANK OF AMERICA, NATIONAL ASSOCIATION",money_transfer,Money Transfer,3,1.0,0,0,257.6666666666667
"BANK OF AMERICA, NATIONAL ASSOCIATION",mortgage,Mortgage,2,1.0,0,0,47.5
"BANK OF AMERICA, NATIONAL ASSOCIATION",vehicle_loan_or_lease,Vehicle Loan / Lease,1,1.0,0,1,481.0
BANK OF THE WEST,bank_account,Bank Account,1,1.0,0,0,167.0
BANK OF THE WEST,vehicle_loan_or_lease,Vehicle Loan / Lease,1,1.0,0,0,220.0
BARCLAYS BANK DELAWARE,credit_card_or_prepaid_card,Credit Card / Prepaid Card,3,1.0,0,0,126.33333333333333
BARCLAYS BANK DELAWARE,credit_reporting,Credit Reporting,2,1.0,0,0,147.5
BBVA FINANCIAL CORPORATION,bank_account,Bank Account,2,1.0,0,0,143.0
BBVA FINANCIAL CORPORATION,mortgage,Mortgage,1,1.0,0,1,1839.0
BMO HARRIS BANK NATIONAL ASSOCIATION,mortgage,Mortgage,1,1.0,0,1,451.0
BTH Management,debt_collection,Debt Collection,1,1.0,0,0,217.0
Berco Finance Corp,credit_reporting,Credit Reporting,1,1.0,0,0,180.0
"Better Mortgage, Inc.",mortgage,Mortgage,1,0.0,1,1,164.0
"Bliksum, LLC",debt_collection,Debt Collection,1,1.0,0,0,62.0
Bridgecrest Acceptance Corporation,credit_reporting,Credit Reporting,2,1.0,0,1,264.0
Bridgecrest Acceptance Corporation,vehicle_loan_or_lease,Vehicle Loan / Lease,1,1.0,0,0,289.0
Brown’s New Credit Bureau Inc.,debt_collection,Debt Collection,1,0.0,1,1,837.0
"C & M Associates Group, Inc.",debt_collection,Debt Collection,1,1.0,0,1,511.0
CAPITAL ONE FINANCIAL CORPORATION,bank_account,Bank Account,1,1.0,0,1,404.0
CAPITAL ONE FINANCIAL CORPORATION,credit_card_or_prepaid_card,Credit Card / Prepaid Card,17,1.0,0,3,206.88235294117646
CAPITAL ONE FINANCIAL CORPORATION,credit_reporting,Credit Reporting,6,1.0,0,2,205.33333333333334
CAPITAL ONE FINANCIAL CORPORATION,payday_loan_title_loan_or_personal_loan,Payday / Personal Loan,1,1.0,0,0,162.0
CARD Corporation,credit_card_or_prepaid_card,Credit Card / Prepaid Card,2,0.5,1,1,376.0
"CCS Financial Services, Inc.",credit_reporting,Credit Reporting,1,1.0,0,0,97.0
"CCS Financial Services, Inc.",debt_collection,Debt Collection,6,1.0,0,2,228.33333333333334
"CHARLES SCHWAB CORPORATION, THE",bank_account,Bank Account,1,1.0,0,0,166.0
CHECK INTO CASH INC.,credit_card_or_prepaid_card,Credit Card / Prepaid Card,1,1.0,0,0,295.0
CHECK INTO CASH INC.,credit_reporting,Credit Reporting,1,1.0,0,1,311.0
"CIT BANK, NATIONAL ASSOCIATION",bank_account,Bank Account,1,1.0,0,0,71.0
"CITIBANK, N.A.",bank_account,Bank Account,6,1.0,0,3,295.1666666666667
"CITIBANK, N.A.",credit_card_or_prepaid_card,Credit Card / Prepaid Card,14,1.0,0,2,191.0
"CITIBANK, N.A.",credit_reporting,Credit Reporting,5,1.0,0,0,136.8
"CITIBANK, N.A.",debt_collection,Debt Collection,2,1.0,0,1,394.0
"CITIBANK, N.A.",money_transfer,Money Transfer,2,1.0,0,1,301.0
"CITIBANK, N.A.",mortgage,Mortgage,1,1.0,0,1,439.0
"CITIZENS FINANCIAL GROUP, INC.",bank_account,Bank Account,2,1.0,0,0,192.5
"CITIZENS FINANCIAL GROUP, INC.",credit_reporting,Credit Reporting,1,1.0,0,0,285.0
"CITIZENS FINANCIAL GROUP, INC.",mortgage,Mortgage,1,1.0,0,0,199.0
COAST PROFESSIONAL INC,debt_collection,Debt Collection,1,1.0,0,0,153.0
CREDIT ACCEPTANCE CORPORATION,debt_collection,Debt Collection,1,1.0,0,0,99.0
CURO Intermediate Holdings,debt_collection,Debt Collection,1,1.0,0,0,49.0
"Caliber Home Loans, Inc.",mortgage,Mortgage,2,1.0,0,1,278.0
"Capital Accounts, LLC",debt_collection,Debt Collection,1,1.0,0,0,215.0
"CarMax, Inc.",vehicle_loan_or_lease,Vehicle Loan / Lease,1,1.0,0,0,64.0
"Cascade Capital, LLC",debt_collection,Debt Collection,1,1.0,0,0,188.0
Ceannate,student_loan,Student Loan,1,1.0,0,0,122.0
"Checkr, Inc",credit_reporting,Credit Reporting,1,1.0,0,1,403.0
"Choice Recovery, Inc.",debt_collection,Debt Collection,1,1.0,0,0,224.0
Clark County Collection Service,debt_collection,Debt Collection,1,1.0,0,1,357.0
"Coinbase, Inc.",money_transfer,Money Transfer,1,1.0,0,0,94.0
Collection Bureau of America Ltd.,debt_collection,Debt Collection,1,0.0,1,1,386.0
"College Ave Student Loan Servicing, LLC",student_loan,Student Loan,1,1.0,0,0,162.0
College Loan Corporation,debt_collection,Debt Collection,1,1.0,0,0,166.0
"Colony Brands, Inc.",debt_collection,Debt Collection,1,0.0,1,1,54.0
Columbia Recovery Group LLC,debt_collection,Debt Collection,1,0.0,1,1,329.0
"Commonwealth Financial Systems, Inc.",credit_reporting,Credit Reporting,2,1.0,0,0,195.0
"Commonwealth Financial Systems, Inc.",debt_collection,Debt Collection,2,1.0,0,0,56.5
"Community Loan Servicing, LLC (formerly known as Bayview Loan Servicing, LLC)",mortgage,Mortgage,1,1.0,0,0,260.0
"Complete Credit Solutions, Inc.",debt_collection,Debt Collection,2,1.0,0,1,246.5
"Conn's, Inc.",debt_collection,Debt Collection,1,1.0,0,0,204.0
"Consumer Financial Services Solutions, Inc.",credit_reporting,Credit Reporting,1,1.0,0,0,152.0
"Continental Finance Company, LLC",debt_collection,Debt Collection,1,1.0,0,1,381.0
"Convergent Resources, Inc.",credit_reporting,Credit Reporting,1,1.0,0,0,60.0
"Convergent Resources, Inc.",debt_collection,Debt Collection,3,1.0,0,0,120.0
Credit Corp Solutions Inc.,debt_collection,Debt Collection,1,1.0,0,0,218.0
"Credit Karma, LLC",credit_reporting,Credit Reporting,2,0.5,1,1,125.0
"Credit Protection Association, L.P.",debt_collection,Debt Collection,2,1.0,0,0,120.5
Creditors Bureau Associates,debt_collection,Debt Collection,1,1.0,0,0,39.0
DISCOVER BANK,credit_card_or_prepaid_card,Credit Card / Prepaid Card,4,1.0,0,2,376.25
DISCOVER BANK,credit_reporting,Credit Reporting,1,1.0,0,1,544.0
DISCOVER BANK,debt_collection,Debt Collection,2,1.0,0,1,430.0
"Direct Recovery Services, LLC",debt_collection,Debt Collection,1,1.0,0,1,301.0
Ditech Financial LLC,mortgage,Mortgage,3,1.0,0,1,249.66666666666666
"Diversified Consultants, Inc.",debt_collection,Debt Collection,4,1.0,0,1,192.5
"Dovenmuehle Mortgage, Inc.",mortgage,Mortgage,2,1.0,0,1,308.5
ENCORE CAPITAL GROUP INC.,debt_collection,Debt Collection,7,1.0,0,2,420.14285714285717
"ENOVA INTERNATIONAL, INC.",payday_loan_title_loan_or_personal_loan,Payday / Personal Loan,1,1.0,0,0,64.0
"EQUIFAX, INC.",credit_reporting,Credit Reporting,113,0.9911504424778761,1,19,180.67256637168143
"EQUIFAX, INC.",debt_collection,Debt Collection,5,1.0,0,1,216.0
ERC,credit_reporting,Credit Reporting,2,1.0,0,0,255.0
ERC,debt_collection,Debt Collection,2,1.0,0,0,172.5
ETHOS LENDING LLC,mortgage,Mortgage,1,1.0,0,1,300.0
EXCEL FINANCE COMPANY,payday_loan_title_loan_or_personal_loan,Payday / Personal Loan,1,1.0,0,0,99.0
"Eagle Accounts Group, Inc.",credit_reporting,Credit Reporting,1,1.0,0,0,156.0
Earnest Inc.,student_loan,Student Loan,1,1.0,0,0,187.0
Eaton Group Attorneys LLC,debt_collection,Debt Collection,1,1.0,0,1,318.0
Equitable Acceptance Corp,payday_loan_title_loan_or_personal_loan,Payday / Personal Loan,1,1.0,0,1,337.0
Equitable Acceptance Corp,student_loan,Student Loan,1,1.0,0,0,148.0
Exeter Finance Corp.,debt_collection,Debt Collection,1,1.0,0,0,53.0
Exeter Finance Corp.,vehicle_loan_or_lease,Vehicle Loan / Lease,1,1.0,0,0,286.0
Experian Information Solutions Inc.,credit_card_or_prepaid_card,Credit Card / Prepaid Card,1,1.0,0,0,190.0
Experian Information Solutions Inc.,credit_reporting,Credit Reporting,115,1.0,0,18,165.95652173913044
"FAIR COLLECTIONS & OUTSOURCING, INC.",debt_collection,Debt Collection,2,1.0,0,0,169.5
FIFTH THIRD FINANCIAL CORPORATION,credit_reporting,Credit Reporting,1,1.0,0,0,131.0
FIFTH THIRD FINANCIAL CORPORATION,debt_collection,Debt Collection,1,1.0,0,0,107.0
FIFTH THIRD FINANCIAL CORPORATION,mortgage,Mortgage,1,1.0,0,1,366.0
"FIRST CITIZENS BANCSHARES, INC.",bank_account,Bank Account,1,1.0,0,0,272.0
"FIRST CITIZENS BANCSHARES, INC.",mortgage,Mortgage,2,1.0,0,1,312.0
FIRST NATIONAL BANK OF OMAHA,credit_card_or_prepaid_card,Credit Card / Prepaid Card,3,1.0,0,1,240.0
FIRST NATIONAL BANK OF OMAHA,mortgage,Mortgage,1,1.0,0,0,154.0
FISERV INC.,debt_collection,Debt Collection,1,1.0,0,1,1055.0
"FLAGSTAR BANK, FSB",mortgage,Mortgage,4,1.0,0,0,236.0
FORD MOTOR CREDIT CO.,vehicle_loan_or_lease,Vehicle Loan / Lease,1,1.0,0,1,544.0
"Fay Servicing, LLC",mortgage,Mortgage,3,1.0,0,2,292.6666666666667
"Fidelity National Information Services, Inc. (FNIS)",bank_account,Bank Account,1,1.0,0,0,270.0
"Fidelity National Information Services, Inc. (FNIS)",credit_reporting,Credit Reporting,1,1.0,0,0,159.0
Finance of America Mortgage LLC,mortgage,Mortgage,1,1.0,0,1,452.0
Financial Business and Consumer Solutions.,debt_collection,Debt Collection,1,1.0,0,0,223.0
"Financial Credit Service, Inc.",debt_collection,Debt Collection,1,0.0,1,1,357.0
First Associates Loan Servicing LLC,student_loan,Student Loan,1,1.0,0,0,241.0
First Data Corporation,credit_reporting,Credit Reporting,1,1.0,0,0,292.0
FirstPoint Collection Resources,debt_collection,Debt Collection,1,1.0,0,0,108.0
Flandreau Santee Sioux Tribe,payday_loan_title_loan_or_personal_loan,Payday / Personal Loan,1,1.0,0,0,70.0
Franklin Credit Management Corporation,mortgage,Mortgage,1,1.0,0,0,209.0
Freedom Mortgage Company,mortgage,Mortgage,3,1.0,0,0,188.33333333333334
"Frontline Asset Strategies, LLC",debt_collection,Debt Collection,1,1.0,0,0,8.0
"GLA Collection Company, Inc.",debt_collection,Debt Collection,1,1.0,0,0,294.0
"GLOBAL CLIENT SOLUTIONS, LLC",student_loan,Student Loan,1,1.0,0,0,173.0
GREAT LAKES,student_loan,Student Loan,2,1.0,0,1,343.5
"GVA Holdings, LLC",payday_loan_title_loan_or_personal_loan,Payday / Personal Loan,2,1.0,0,0,73.5
"General Motors Financial Company, Inc.",credit_reporting,Credit Reporting,3,1.0,0,1,120.33333333333333
"General Motors Financial Company, Inc.",vehicle_loan_or_lease,Vehicle Loan / Lease,3,1.0,0,1,239.33333333333334
"Global Equity Finance, Inc.",mortgage,Mortgage,1,0.0,1,1,1093.0
"Gurstel Law Firm, P.C.",debt_collection,Debt Collection,1,1.0,0,1,384.0
"HCFS Health Care Financial Services, Inc.",debt_collection,Debt Collection,1,1.0,0,1,338.0
HIGHER EDUCATION STUDENT ASSISTANCE AUTHORITY (HESAA),student_loan,Student Loan,1,1.0,0,0,202.0
HSBC NORTH AMERICA HOLDINGS INC.,bank_account,Bank Account,3,1.0,0,0,197.66666666666666
HSBC NORTH AMERICA HOLDINGS INC.,credit_card_or_prepaid_card,Credit Card / Prepaid Card,1,1.0,0,1,375.0
HSBC NORTH AMERICA HOLDINGS INC.,debt_collection,Debt Collection,2,1.0,0,1,306.0
HSBC NORTH AMERICA HOLDINGS INC.,mortgage,Mortgage,1,1.0,0,0,190.0
"HUNTINGTON NATIONAL BANK, THE",mortgage,Mortgage,1,1.0,0,0,170.0
"Harpeth Financial Services, LLC",payday_loan_title_loan_or_personal_loan,Payday / Personal Loan,1,1.0,0,0,103.0
"Helvey & Associates, Inc., Warsaw, IN Branch",debt_collection,Debt Collection,1,1.0,0,0,155.0
"Herbert P. Sears Co., Inc.",debt_collection,Debt Collection,1,1.0,0,1,668.0
Hillcrest Davidson & Assoc,debt_collection,Debt Collection,1,1.0,0,1,304.0
"Home Loan Center, Inc.",money_transfer,Money Transfer,1,1.0,0,0,110.0
Home Point Financial Corporation,mortgage,Mortgage,1,1.0,0,1,411.0
"HomeTown Lenders, LLC",mortgage,Mortgage,1,1.0,0,0,179.0
"I.Q. DATA INTERNATIONAL, INC.",debt_collection,Debt Collection,3,1.0,0,0,157.0
"ID Analytics, Inc.",credit_reporting,Credit Reporting,2,1.0,0,0,166.0
Instarem PTE Limited,money_transfer,Money Transfer,1,1.0,0,1,327.0
"JH Portfolio Debt Equities, LLC",debt_collection,Debt Collection,1,1.0,0,0,9.0
JPMORGAN CHASE & CO.,bank_account,Bank Account,14,1.0,0,6,275.35714285714283
JPMORGAN CHASE & CO.,credit_card_or_prepaid_card,Credit Card / Prepaid Card,18,1.0,0,5,291.5
JPMORGAN CHASE & CO.,credit_reporting,Credit Reporting,3,1.0,0,0,173.33333333333334
JPMORGAN CHASE & CO.,debt_collection,Debt Collection,3,1.0,0,0,69.0
JPMORGAN CHASE & CO.,money_transfer,Money Transfer,3,1.0,0,1,325.0
JPMORGAN CHASE & CO.,mortgage,Mortgage,2,1.0,0,1,256.0
JPMORGAN CHASE & CO.,vehicle_loan_or_lease,Vehicle Loan / Lease,1,1.0,0,1,1278.0
"Jim Bottin Enterprises, Inc",debt_collection,Debt Collection,1,1.0,0,1,476.0
"Key 2 Recovery, Inc.",debt_collection,Debt Collection,1,1.0,0,0,148.0
"LAKEVIEW LOAN SERVICING, LLC",mortgage,Mortgage,2,1.0,0,1,335.5
"LDF Holdings, LLC",payday_loan_title_loan_or_personal_loan,Payday / Personal Loan,1,1.0,0,0,251.0
LPSG,debt_collection,Debt Collection,1,1.0,0,0,249.0
Law Office of Harris & Zide,debt_collection,Debt Collection,1,1.0,0,0,57.0
"LoanCare, LLC",mortgage,Mortgage,2,1.0,0,1,1129.5
M&T BANK CORPORATION,mortgage,Mortgage,3,1.0,0,1,294.0
"MARINER FINANCE, LLC",credit_reporting,Credit Reporting,1,1.0,0,0,67.0
"MCU Holdings, LLC",debt_collection,Debt Collection,1,1.0,0,1,401.0
MIDFIRST BANK,mortgage,Mortgage,1,1.0,0,1,390.0
MONEYGRAM PAYMENT SYSTEMS WORLDWIDE INC,money_transfer,Money Transfer,4,1.0,0,3,319.75
MUFG AMERICAS HOLDINGS CORPORATION,mortgage,Mortgage,1,1.0,0,1,328.0
"MVBA, L.L.C.",debt_collection,Debt Collection,1,1.0,0,0,288.0
"Madison Management Services, LLC",debt_collection,Debt Collection,1,1.0,0,0,157.0
"Merchants and Medical Credit Corporation, Inc.",credit_reporting,Credit Reporting,1,1.0,0,0,45.0
"Merchants and Professional Bureau, Inc.",debt_collection,Debt Collection,1,1.0,0,1,328.0
Merchants' Credit Guide Company,debt_collection,Debt Collection,1,1.0,0,0,224.0
"Midwest Fidelity Services, LLC",debt_collection,Debt Collection,1,1.0,0,0,277.0
Midwest Recovery Systems,debt_collection,Debt Collection,8,0.75,2,3,171.625
MoneyLion Inc.,bank_account,Bank Account,1,0.0,1,1,34.0
MoneyLion Inc.,payday_loan_title_loan_or_personal_loan,Payday / Personal Loan,1,1.0,0,1,305.0
NATIONSTAR MORTGAGE,mortgage,Mortgage,2,1.0,0,1,533.5
NAVY FEDERAL CREDIT UNION,bank_account,Bank Account,4,1.0,0,0,202.25
NAVY FEDERAL CREDIT UNION,credit_card_or_prepaid_card,Credit Card / Prepaid Card,1,1.0,0,0,238.0
NAVY FEDERAL CREDIT UNION,credit_reporting,Credit Reporting,1,1.0,0,0,87.0
NAVY FEDERAL CREDIT UNION,debt_collection,Debt Collection,2,1.0,0,2,421.0
NAVY FEDERAL CREDIT UNION,money_transfer,Money Transfer,1,1.0,0,0,147.0
NAVY FEDERAL CREDIT UNION,vehicle_loan_or_lease,Vehicle Loan / Lease,1,1.0,0,0,283.0
"NCC Business Services, Inc.",credit_reporting,Credit Reporting,1,1.0,0,0,149.0
NETSPEND CORPORATION,credit_card_or_prepaid_card,Credit Card / Prepaid Card,2,1.0,0,0,141.5
NISSAN MOTOR ACCEPTANCE CORPORATION,vehicle_loan_or_lease,Vehicle Loan / Lease,1,1.0,0,0,71.0
"NRA Group, LLC",credit_reporting,Credit Reporting,2,1.0,0,0,164.5
"National Credit Adjusters, LLC",debt_collection,Debt Collection,1,1.0,0,0,212.0
"National Enterprise Systems, Inc.",debt_collection,Debt Collection,1,1.0,0,1,373.0
"Navient Solutions, LLC.",credit_reporting,Credit Reporting,4,1.0,0,1,185.0
"Navient Solutions, LLC.",debt_collection,Debt Collection,1,1.0,0,0,190.0
"Navient Solutions, LLC.",student_loan,Student Loan,22,1.0,0,8,295.0
"Nelnet, Inc.",student_loan,Student Loan,5,1.0,0,2,257.4
"Northern Trust Company, The",debt_collection,Debt Collection,1,1.0,0,0,220.0
"ONEMAIN FINANCIAL HOLDINGS, LLC.",payday_loan_title_loan_or_personal_loan,Payday / Personal Loan,1,1.0,0,1,331.0
Ocwen Financial Corporation,mortgage,Mortgage,4,1.0,0,3,377.5
"Opportunity Financial, LLC",payday_loan_title_loan_or_personal_loan,Payday / Personal Loan,2,0.5,1,2,273.5
PENTAGON FEDERAL CREDIT UNION,credit_card_or_prepaid_card,Credit Card / Prepaid Card,1,1.0,0,1,354.0
PERLAND TITLE & ESCROW SERVICES CORP,debt_collection,Debt Collection,1,1.0,0,0,123.0
PHH Mortgage Services Corporation,mortgage,Mortgage,2,1.0,0,1,357.0
PNC Bank N.A.,bank_account,Bank Account,3,1.0,0,2,274.6666666666667
PNC Bank N.A.,mortgage,Mortgage,1,1.0,0,1,505.0
PNC Bank N.A.,payday_loan_title_loan_or_personal_loan,Payday / Personal Loan,2,1.0,0,1,220.5
POPULAR BANK,bank_account,Bank Account,1,1.0,0,1,400.0
PORTFOLIO RECOVERY ASSOCIATES INC,credit_reporting,Credit Reporting,1,1.0,0,0,145.0
PORTFOLIO RECOVERY ASSOCIATES INC,debt_collection,Debt Collection,1,1.0,0,0,207.0
PRESTIGE FINANCIAL SERVICES INC,vehicle_loan_or_lease,Vehicle Loan / Lease,1,1.0,0,0,182.0
"Paypal Holdings, Inc",credit_card_or_prepaid_card,Credit Card / Prepaid Card,1,1.0,0,0,243.0
"Paypal Holdings, Inc",money_transfer,Money Transfer,5,1.0,0,1,199.0
"Pendrick Capital Partners Holding, LLC",debt_collection,Debt Collection,1,1.0,0,1,415.0
Penn Credit Corporation,debt_collection,Debt Collection,1,1.0,0,0,64.0
Perfection Collection,credit_reporting,Credit Reporting,1,1.0,0,0,105.0
"Peter T. Roach and Associates, P.C.",mortgage,Mortgage,1,1.0,0,0,192.0
Phoenix Financial Services LLC,debt_collection,Debt Collection,2,1.0,0,0,156.5
"Platinum Holdings Group, LLC",debt_collection,Debt Collection,1,1.0,0,0,127.0
"Pollack & Rosen, P.A.",debt_collection,Debt Collection,1,1.0,0,0,184.0
"Populus Financial Group, Inc. (F/K/A Ace Cash Express)",debt_collection,Debt Collection,2,1.0,0,2,384.0
Profit Services Group,credit_reporting,Credit Reporting,1,0.0,1,1,223.0
Quality Asset Recovery LLC,credit_reporting,Credit Reporting,1,1.0,0,0,242.0
REGIONS FINANCIAL CORPORATION,credit_reporting,Credit Reporting,1,1.0,0,1,579.0
"Real Time Group, Inc.",mortgage,Mortgage,1,1.0,0,1,577.0
"Receivables Management Partners, LLC",debt_collection,Debt Collection,1,1.0,0,0,156.0
"Receivables Outsourcing, Inc.",debt_collection,Debt Collection,1,1.0,0,1,380.0
"Receivables Performance Management, LLC",credit_reporting,Credit Reporting,1,1.0,0,0,155.0
Resurgent Capital Services L.P.,debt_collection,Debt Collection,4,1.0,0,2,265.5
"Retrieval-Masters Creditors Bureau, Inc., Elmsford, NY Branch",debt_collection,Debt Collection,2,1.0,0,0,256.0
Riverwalk Financial Corporation,credit_reporting,Credit Reporting,1,1.0,0,0,118.0
"Rocket Mortgage, LLC",mortgage,Mortgage,1,1.0,0,1,523.0
RoundPoint Mortgage Servicing Corporation,debt_collection,Debt Collection,1,1.0,0,1,577.0
RoundPoint Mortgage Servicing Corporation,mortgage,Mortgage,1,1.0,0,1,411.0
"Rubin & Rothman, LLC",debt_collection,Debt Collection,1,1.0,0,0,178.0
"Russell Collection Agency, Inc",debt_collection,Debt Collection,1,1.0,0,0,37.0
"SANTANDER BANK, NATIONAL ASSOCIATION",bank_account,Bank Account,1,1.0,0,0,250.0
"SELECT PORTFOLIO SERVICING, INC.",debt_collection,Debt Collection,1,1.0,0,0,100.0
"SELECT PORTFOLIO SERVICING, INC.",mortgage,Mortgage,4,1.0,0,3,337.0
SHABANA MOTORS,vehicle_loan_or_lease,Vehicle Loan / Lease,1,1.0,0,0,146.0
SLM CORPORATION,student_loan,Student Loan,2,1.0,0,1,210.5
"STERLING JEWELERS, INC.",debt_collection,Debt Collection,2,1.0,0,0,128.0
"SUNRISE CREDIT SERVICES, INC",debt_collection,Debt Collection,2,1.0,0,0,33.0
"SUNTRUST BANKS, INC.",bank_account,Bank Account,1,1.0,0,0,26.0
"SUNTRUST BANKS, INC.",debt_collection,Debt Collection,1,1.0,0,0,195.0
SYNCHRONY FINANCIAL,bank_account,Bank Account,1,1.0,0,0,223.0
SYNCHRONY FINANCIAL,credit_card_or_prepaid_card,Credit Card / Prepaid Card,12,1.0,0,3,267.8333333333333
SYNCHRONY FINANCIAL,credit_reporting,Credit Reporting,3,1.0,0,0,175.33333333333334
SYNCHRONY FINANCIAL,debt_collection,Debt Collection,2,1.0,0,0,167.0
SYNCHRONY FINANCIAL,payday_loan_title_loan_or_personal_loan,Payday / Personal Loan,1,1.0,0,0,234.0
Santander Consumer USA Holdings Inc.,debt_collection,Debt Collection,1,1.0,0,0,77.0
Santander Consumer USA Holdings Inc.,payday_loan_title_loan_or_personal_loan,Payday / Personal Loan,1,1.0,0,1,530.0
Santander Consumer USA Holdings Inc.,vehicle_loan_or_lease,Vehicle Loan / Lease,3,1.0,0,2,342.3333333333333
"Security Credit Services, LLC",debt_collection,Debt Collection,1,1.0,0,0,127.0
Selene Finance LP,mortgage,Mortgage,1,1.0,0,0,134.0
"Sequium Asset Solutions, LLC",debt_collection,Debt Collection,1,1.0,0,0,105.0
"Servis One, Inc., Titusville, PA Branch",mortgage,Mortgage,1,1.0,0,1,443.0
"Seterus, Inc.",mortgage,Mortgage,1,1.0,0,1,315.0
"Shellpoint Partners, LLC",mortgage,Mortgage,6,0.8333333333333334,1,4,332.8333333333333
Specialized Loan Servicing Holdings LLC,mortgage,Mortgage,2,1.0,0,0,245.5
"State Collection Service, Inc.",debt_collection,Debt Collection,1,1.0,0,0,172.0
State Home Mortgage,mortgage,Mortgage,1,0.0,1,1,178.0
Supreme Lending,mortgage,Mortgage,1,1.0,0,1,542.0
TCF NATIONAL BANK,bank_account,Bank Account,1,1.0,0,0,232.0
TCF NATIONAL BANK,mortgage,Mortgage,1,1.0,0,0,221.0
TD BANK US HOLDING COMPANY,bank_account,Bank Account,2,1.0,0,0,163.5
TD BANK US HOLDING COMPANY,credit_reporting,Credit Reporting,1,1.0,0,0,119.0
TD BANK US HOLDING COMPANY,debt_collection,Debt Collection,1,1.0,0,1,400.0
TMX Finance LLC,payday_loan_title_loan_or_personal_loan,Payday / Personal Loan,2,1.0,0,1,441.0
TOYOTA MOTOR CREDIT CORPORATION,debt_collection,Debt Collection,1,1.0,0,1,473.0
TOYOTA MOTOR CREDIT CORPORATION,vehicle_loan_or_lease,Vehicle Loan / Lease,2,1.0,0,1,308.5
"TRANSUNION INTERMEDIATE HOLDINGS, INC.",credit_reporting,Credit Reporting,111,1.0,0,15,172.74774774774775
"TRANSUNION INTERMEDIATE HOLDINGS, INC.",debt_collection,Debt Collection,2,1.0,0,0,253.5
TRANSWORLD SYSTEMS INC,debt_collection,Debt Collection,1,1.0,0,0,283.0
"TRIAD FINANCIAL SERVICES, INC.",consumer_loan,Consumer Loan,1,1.0,0,0,184.0
Texas Guaranteed,student_loan,Student Loan,1,1.0,0,1,435.0
"The Allen Daniel Associates, Inc.",debt_collection,Debt Collection,1,1.0,0,1,405.0
"The CMI Group, Inc.",debt_collection,Debt Collection,2,1.0,0,2,488.5
"The Outsource Group, Inc",debt_collection,Debt Collection,1,1.0,0,0,22.0
TransferWise Ltd,money_transfer,Money Transfer,1,1.0,0,1,308.0
"Trident Asset Management, L.L.C.",debt_collection,Debt Collection,1,1.0,0,0,203.0
U.S. BANCORP,bank_account,Bank Account,2,1.0,0,2,629.5
U.S. BANCORP,credit_card_or_prepaid_card,Credit Card / Prepaid Card,6,1.0,0,3,244.33333333333334
U.S. BANCORP,credit_reporting,Credit Reporting,1,1.0,0,0,87.0
U.S. BANCORP,mortgage,Mortgage,1,1.0,0,0,269.0
UMB FINANCIAL CORPORATION,bank_account,Bank Account,1,1.0,0,1,396.0
UNITED SERVICES AUTOMOBILE ASSOCIATION,vehicle_loan_or_lease,Vehicle Loan / Lease,1,1.0,0,1,338.0
United Acceptance Inc.,vehicle_loan_or_lease,Vehicle Loan / Lease,1,1.0,0,0,297.0
Utah System of Higher Education,credit_reporting,Credit Reporting,1,1.0,0,0,181.0
VALLEY NATIONAL BANCORP,bank_account,Bank Account,1,1.0,0,1,313.0
"WEBSTER BANK, NATIONAL ASSOCIATION",bank_account,Bank Account,1,1.0,0,0,136.0
WELLS FARGO & COMPANY,bank_account,Bank Account,9,0.7777777777777778,2,5,308.22222222222223
WELLS FARGO & COMPANY,credit_card_or_prepaid_card,Credit Card / Prepaid Card,7,0.8571428571428571,1,2,197.28571428571428
WELLS FARGO & COMPANY,credit_reporting,Credit Reporting,5,1.0,0,0,163.6
WELLS FARGO & COMPANY,money_transfer,Money Transfer,3,1.0,0,0,195.33333333333334
WELLS FARGO & COMPANY,mortgage,Mortgage,8,1.0,0,2,209.0
"WESTERN UNION COMPANY, THE",money_transfer,Money Transfer,1,1.0,0,0,295.0
WINNPOINTE CORPORATION,mortgage,Mortgage,1,0.0,1,1,290.0
We Collect Inc,debt_collection,Debt Collection,1,1.0,0,0,181.0
Westcreek Financial,debt_collection,Debt Collection,1,1.0,0,1,310.0
"Westlake Services, LLC",credit_reporting,Credit Reporting,1,1.0,0,0,86.0
"Williams & Fudge, Inc",debt_collection,Debt Collection,1,1.0,0,0,118.0
World Acceptance Corporation,debt_collection,Debt Collection,1,1.0,0,0,62.0
World Omni Financial Corp.,credit_reporting,Credit Reporting,1,1.0,0,1,381.0
WorldRemit Corp.,money_transfer,Money Transfer,1,1.0,0,1,336.0
Worth Finance Corporation,payday_loan_title_loan_or_personal_loan,Payday / Personal Loan,1,1.0,0,1,341.0
Zenith Financial Network Inc,debt_collection,Debt Collection,1,1.0,0,0,209.0
